연도,여자경제활동참가율,남자경제활동참가율
2000,48.8,74.6
2001,49.6,74.5
2002,49.8,75.3
2003,50.2,74.8
2004,51.9,75.2
2005,52.4,75.5
2006,52.5,75.1
2007,52.3,75.2
2008,51.6,74.2
2009,50.3,73
2010,51.6,73.5
2011,52.4,74.2
2012,52.5,73.4
2013,52.5,73
2014,53.5,73.9
2015,52.8,73.2
2016,53.2,72.8
2017,54,72.9
2018,54.1,71.9
2019,54.4,71.9
2020,54.3,70.8
2021,54.5,70.8
2022,54.8,71.1
